field,group_1,group_2,mean_difference,cohen_d,welch_p_value,holm_adjusted_p_value
Education, Bachelors, Doctorate,-43274.06666666668,-0.9657767311141943,0.012112591381680877,0.012112591381680877
Education, Bachelors, HS-grad,90114.15555555554,2.3077082878722535,1.9102503945234697e-06,3.8205007890469395e-06
Education, Doctorate, HS-grad,133388.22222222222,3.634764486216764,3.556562461745683e-10,1.066968738523705e-09
Occupation, Adm-clerical, Exec-managerial,-55693.30000000002,-1.271045828260186,0.010616001135506809,0.06369600681304086
Occupation, Adm-clerical, Prof-specialty,-27528.853846153856,-0.4115675696015417,0.31385954407831473,0.9825170612882395
Occupation, Adm-clerical, Sales,-16180.116666666669,-0.25552755959252405,0.5448340765981032,1.0
Occupation, Exec-managerial, Prof-specialty,28164.446153846162,0.4180555702933209,0.24562926532205986,0.9825170612882395
Occupation, Exec-managerial, Sales,39513.18333333335,0.6308025847334873,0.10539078504091845,0.5269539252045923
Occupation, Prof-specialty, Sales,11348.737179487187,0.1522161187126228,0.7065105583834974,1.0
