item_1,item_2,joint_bills,support,confidence_1_to_2,confidence_2_to_1,lift
ADD FRIES                     ,B.M.T. PANINI                 ,151,0.0021576976936926637,0.2007978723404255,0.05796545105566219,5.394332707150733
B.M.T. PANINI                 ,MAGGI NDL ARRABIATA           ,134,0.0019147780857934897,0.05143953934740883,0.15209988649262202,4.086086086958416
RED BULL 2+1                  ,SAMBUCA                       ,290,0.00414392272298591,0.24850042844901452,0.06556635767578567,3.9318464806056825
MAGGI NDL ARRABIATA           ,SAMBUCA                       ,175,0.0025006430224914977,0.19863791146424517,0.03956590549400859,3.142907149014426
CALCUTTA MINT                 ,RED BULL 2+1                  ,166,0.002372038524191935,0.05019655276685818,0.14224507283633245,3.0101586595803504
B.M.T. PANINI                 ,PHILLYCREAM CHEESE &CHILLY PAN,183,0.002614958132091109,0.07024952015355086,0.09838709677419354,2.64311931149774
RED BULL ENERGY DRINK         ,SAMBUCA                       ,283,0.004043897002086251,0.15215053763440858,0.06398372145602532,2.4073703198578302
N R G  HOOKAH                 ,RED BULL ENERGY DRINK         ,141,0.0020148038066931497,0.06308724832214765,0.07580645161290323,2.3736407591830844
B.M.T. PANINI                 ,KIT KAT SHAKE                 ,148,0.0021148295275928096,0.05681381957773513,0.08814770696843359,2.368043312500929
B.M.T. PANINI                 ,COTTAGE CHEESE PANINI         ,141,0.0020148038066931497,0.05412667946257198,0.08746898263027295,2.3498097283807144
CALCUTTA MINT                 ,RED BULL ENERGY DRINK         ,199,0.0028435883512903317,0.06017538554581191,0.10698924731182795,2.264082704982263
PHILLYCREAM CHEESE &CHILLY PAN,POUTINE WITH FRIES            ,202,0.002886456517390186,0.1086021505376344,0.05916813122437024,2.226185031905311
COTTAGE CHEESE PANINI         ,POUTINE WITH FRIES            ,165,0.0023577491354919836,0.10235732009925558,0.048330404217926184,2.0981751538330706
B.M.T. PANINI                 ,POUTINE WITH FRIES            ,266,0.0038009773941870767,0.10211132437619962,0.07791446983011131,2.093132601785355
COUNTRY ROAST CHICKEN PANINI  ,POUTINE WITH FRIES            ,134,0.0019147780857934897,0.10136157337367625,0.03925014645577036,2.0777638042872324
B.M.T. PANINI                 ,QUA  MINERAL WATER(1000ML)    ,257,0.003672372895887514,0.09865642994241844,0.0772235576923077,2.074571598626901
B.M.T. PANINI                 ,SAMBUCA                       ,328,0.004686919493584065,0.12591170825335893,0.07415781144019896,1.9922118849167003
B.M.T. PANINI                 ,BERRY BLAST                   ,141,0.0020148038066931497,0.05412667946257198,0.06942392909896603,1.8650385436483077
GARDEN FRESH PANINI           ,GREAT LAKES SHAKE                   ,160,0.0022863021919922264,0.12955465587044532,0.032847464586327244,1.861320863708788
B.M.T. PANINI                 ,OREO COOKIE SHAKE             ,137,0.001957646251893344,0.05259117082533589,0.06887883358471593,1.8503948299138542
MOROCCAN MINT TEA             ,QUA  MINERAL WATER(1000ML)    ,197,0.002815009573890429,0.08732269503546099,0.05919471153846154,1.8362430420587836
CAFFE LATTE                   ,CAPPUCCINO                    ,297,0.004243948443885571,0.14176610978520288,0.05431602048280907,1.8143884226386369
B.M.T. PANINI                 ,LEMON ICED TEA                ,146,0.002086250750192907,0.05604606525911709,0.06657546739626083,1.78851606883882
OREO COOKIE SHAKE             ,POUTINE WITH FRIES            ,168,0.0024006173015918377,0.08446455505279034,0.0492091388400703,1.7313996753674203
B.M.T. PANINI                 ,N R G  HOOKAH                 ,143,0.0020433825840930524,0.05489443378119002,0.06398210290827741,1.7188466509508904
B.M.T. PANINI                 ,CALCUTTA MINT                 ,211,0.003015061015689749,0.08099808061420347,0.063804052010886,1.7140634041557865
NIRVANA HOOKAH SINGLE         ,QUA  MINERAL WATER(500ML)     ,168,0.0024006173015918377,0.020026224818214325,0.20168067226890754,1.6824432955921667
LEMON ICED TEA                ,POUTINE WITH FRIES            ,177,0.002529221799891401,0.08071135430916553,0.051845342706502644,1.6544645569021743
BERRY BLAST                   ,POUTINE WITH FRIES            ,160,0.0022863021919922264,0.07877892663712456,0.04686584651435266,1.614852619777168
CAFFE LATTE                   ,QUA  MINERAL WATER(1000ML)    ,160,0.0022863021919922264,0.07637231503579953,0.04807692307692308,1.60597576647696
COUNTRY LEMONADE              ,POUTINE WITH FRIES            ,141,0.0020148038066931497,0.07794361525704809,0.04130052724077329,1.597729959847317
B.M.T. PANINI                 ,GREAT LAKES SHAKE                   ,283,0.004043897002086251,0.10863723608445298,0.05809895298706631,1.5607988207066696
QUA  MINERAL WATER(1000ML)    ,SAMBUCA                       ,328,0.004686919493584065,0.09855769230769232,0.07415781144019896,1.5594086418894244
NIRVANA HOOKAH SINGLE         ,RED BULL 2+1                  ,216,0.003086507959189506,0.025748003337704137,0.18508997429305912,1.5440417905563073
COTTAGE CHEESE PANINI         ,GREAT LAKES SHAKE                   ,173,0.002472064245091595,0.10732009925558313,0.03551632108396633,1.541875423137799
NIRVANA HOOKAH SINGLE         ,RED BULL ENERGY DRINK         ,342,0.0048869709353833845,0.04076767195136488,0.18387096774193548,1.5338726981185038
N R G  HOOKAH                 ,POUTINE WITH FRIES            ,167,0.0023863279128918864,0.07472035794183446,0.048916227299355595,1.531657905531769
MASALA CHAI CUTTING           ,QUA  MINERAL WATER(1000ML)    ,160,0.0022863021919922264,0.07162041181736795,0.04807692307692308,1.5060515804696646
POUTINE WITH FRIES            ,SAMBUCA                       ,314,0.004486868051784745,0.09197422378441711,0.07099253900067828,1.4552430768440152
CALCUTTA MINT                 ,POUTINE WITH FRIES            ,234,0.0033437169557886314,0.07075899606894466,0.06854130052724078,1.4504557887805756
CAPPUCCINO                    ,MASALA CHAI CUTTING           ,251,0.0035866365636878055,0.04590343818580834,0.11235452103849597,1.4379652690775466
N R G  HOOKAH                 ,QUA  MINERAL WATER(1000ML)    ,150,0.0021434083049927124,0.06711409395973154,0.045072115384615384,1.4112916236448119
POUTINE WITH FRIES            ,SILVER APPLE SINGLE           ,135,0.001929067474493441,0.03954305799648506,0.0684931506849315,1.4040092768696184
PHILLYCREAM CHEESE &CHILLY PAN,SAMBUCA                       ,163,0.002329170358092081,0.08763440860215053,0.036852814831562296,1.3865772513668777
GREAT LAKES SHAKE                   ,KIT KAT SHAKE                 ,162,0.0023148809693921296,0.03325805789365634,0.09648600357355569,1.3862212075722797
GREAT LAKES SHAKE                   ,PHILLYCREAM CHEESE &CHILLY PAN,174,0.0024863536337915463,0.03572161773763088,0.09354838709677418,1.3440162647929483
GREEN APPLE FLAVOUR SINGLE    ,QUA  MINERAL WATER(1000ML)    ,161,0.002300591580692178,0.0636867088607595,0.048377403846153855,1.3392197294151658
LEMON ICED TEA                ,QUA  MINERAL WATER(1000ML)    ,136,0.0019433568631933927,0.06201550387596899,0.04086538461538462,1.3040772212283842
COUNTRY LEMONADE              ,SAMBUCA                       ,147,0.0021005401388928583,0.0812603648424544,0.03323536061496722,1.2857252662004621
CALCUTTA MINT                 ,QUA  MINERAL WATER(1000ML)    ,198,0.0028292989625903803,0.0598729966737224,0.05949519230769231,1.2590240544532578
GREAT LAKES SHAKE                   ,LEMON ICED TEA                ,192,0.0027435626303906717,0.03941695750359269,0.08755129958960328,1.257855686281999
BERRY BLAST                   ,SAMBUCA                       ,160,0.0022863021919922264,0.07877892663712456,0.036174542165950715,1.2464632249421776
GREAT LAKES SHAKE                   ,OREO COOKIE SHAKE             ,172,0.0024577748563916436,0.03531102443030179,0.08647561588738059,1.2424012627860128
CALCUTTA MINT                 ,SAMBUCA                       ,256,0.0036580835071875627,0.07741155125491382,0.05787926746552115,1.2248282116032962
GREAT LAKES SHAKE                   ,QUA  MINERAL WATER(1000ML)    ,282,0.004029607613386299,0.057893656333401766,0.08473557692307693,1.2174020004579695
JR.CHL AVALANCHE              ,POUTINE WITH FRIES            ,196,0.0028007201851904776,0.05926821892954339,0.05741066198008202,1.214911686329029
CAFFE LATTE                   ,GREAT LAKES SHAKE                   ,177,0.002529221799891401,0.08448687350835324,0.03633750769862452,1.2138288609857475
GREAT LAKES SHAKE                   ,POUTINE WITH FRIES            ,276,0.003943871281186591,0.0566618764114145,0.08084358523725836,1.1614854818464
GREEN APPLE FLAVOUR SINGLE    ,POUTINE WITH FRIES            ,143,0.0020433825840930524,0.05656645569620253,0.04188635032220269,1.1595294969336982
BERRY BLAST                   ,GREAT LAKES SHAKE                   ,161,0.002300591580692178,0.07927129492860661,0.03305276123999179,1.1388962762664234
COUNTRY LEMONADE              ,GREAT LAKES SHAKE                   ,142,0.002029093195393101,0.0784964068546158,0.02915212482036543,1.127763404742296
CAPPUCCINO                    ,QUA  MINERAL WATER(1000ML)    ,292,0.004172501500385814,0.053401609363569864,0.08774038461538462,1.1229421353609814
POUTINE WITH FRIES            ,QUA  MINERAL WATER(1000ML)    ,181,0.0025863793546912063,0.05301698886936145,0.05438701923076923,1.1148542413027804
B.M.T. PANINI                 ,JR.CHL AVALANCHE              ,135,0.001929067474493441,0.05182341650671785,0.040822497732083456,1.0966756377300055
CAPPUCCINO                    ,MOROCCAN MINT TEA             ,192,0.0027435626303906717,0.03511338697878566,0.0851063829787234,1.089230960793164
CAPPUCCINO                    ,COTTAGE CHEESE PANINI         ,137,0.001957646251893344,0.02505486466715435,0.08498759305210916,1.0877106322188559
NIRVANA HOOKAH SINGLE         ,POUTINE WITH FRIES            ,443,0.006330199194078477,0.052807247586124685,0.12975981253661395,1.0824712362542994
GREAT LAKES SHAKE                   ,SAMBUCA                       ,318,0.00454402560658455,0.0652843358653254,0.07189690255482704,1.032947861751572
B.M.T. PANINI                 ,NIRVANA HOOKAH SINGLE         ,322,0.004601183161384356,0.12360844529750481,0.03838359756824413,1.0311558253439006
MAGGI NDLCREAM/ CHEE/GARLIC   ,NIRVANA HOOKAH SINGLE         ,156,0.002229144637192421,0.12244897959183675,0.018595780188341876,1.0214834294666728
CAPPUCCINO                    ,GREAT LAKES SHAKE                   ,388,0.00554428281558115,0.07095830285296269,0.07965510162184357,1.019462933741744
LEMON ICED TEA                ,SAMBUCA                       ,139,0.001986225029293247,0.06338349293205654,0.03142663350666969,1.0028721687477238
GREAT LAKES SHAKE                   ,N R G  HOOKAH                 ,153,0.0021862764710925665,0.03141038801067542,0.06845637583892618,0.9835175721535068
MOROCCAN MINT TEA             ,NIRVANA HOOKAH SINGLE         ,265,0.0037866880054871254,0.1174645390070922,0.03158898557634998,0.9799026545231048
GREAT LAKES SHAKE                   ,MASALA CHAI CUTTING           ,152,0.002171987082392615,0.03120509135701088,0.06803939122649955,0.9775267248640712
CAPPUCCINO                    ,PHILLYCREAM CHEESE &CHILLY PAN,141,0.0020148038066931497,0.02578639356254572,0.07580645161290323,0.9702061259645561
NIRVANA HOOKAH SINGLE         ,QUA  MINERAL WATER(1000ML)    ,383,0.005472835872081392,0.04565502443676242,0.11508413461538462,0.9600450481170396
CAPPUCCINO                    ,MINT FLAVOUR SINGLE           ,419,0.005987253865279644,0.07662765179224579,0.07209222298692361,0.9226697053897015
JR.CHL AVALANCHE              ,QUA  MINERAL WATER(1000ML)    ,143,0.0020433825840930524,0.04324160870879951,0.04296875,0.909295150438464
COTTAGE CHEESE PANINI         ,NIRVANA HOOKAH SINGLE         ,175,0.0025006430224914977,0.108560794044665,0.02086065085230659,0.9056265930186846
KIT KAT SHAKE                 ,NIRVANA HOOKAH SINGLE         ,171,0.0024434854676916922,0.10184633710541989,0.02038383597568244,0.8496138232580158
B.M.T. PANINI                 ,MINT FLAVOUR SINGLE           ,181,0.0025863793546912063,0.06948176583493282,0.031142463867859602,0.8366264515933016
MASALA CHAI CUTTING           ,MINT FLAVOUR SINGLE           ,149,0.002129118916292761,0.0666965085049239,0.025636613902271163,0.803089308016446
LEMON ICED TEA                ,NIRVANA HOOKAH SINGLE         ,211,0.003015061015689749,0.09621523027815777,0.025151984741923948,0.8026384843635758
CAPPUCCINO                    ,POUTINE WITH FRIES            ,208,0.0029721928495898943,0.03803950256035113,0.06092560046865846,0.7797540914406833
COUNTRY LEMONADE              ,NIRVANA HOOKAH SINGLE         ,167,0.0023863279128918864,0.09231619679380873,0.01990702109905829,0.7701122999194566
B.M.T. PANINI                 ,CAPPUCCINO                    ,151,0.0021576976936926637,0.05796545105566219,0.027615215801024138,0.7418687263674746
NIRVANA HOOKAH SINGLE         ,PHILLYCREAM CHEESE &CHILLY PAN,163,0.002329170358092081,0.01943020622243414,0.08763440860215053,0.7310562859453688
BERRY BLAST                   ,NIRVANA HOOKAH SINGLE         ,174,0.0024863536337915463,0.08567208271787297,0.020741447133150553,0.7146863383910104
CALCUTTA MINT                 ,GREAT LAKES SHAKE                   ,164,0.0023434597467920323,0.04959177502267916,0.033668651200985424,0.7124885238425648
NIRVANA HOOKAH SINGLE         ,OREO COOKIE SHAKE             ,164,0.0023434597467920323,0.019549409941590178,0.0824534942182001,0.687836504038393
MINT FLAVOUR SINGLE           ,POUTINE WITH FRIES            ,195,0.002786430796490526,0.033551273227804546,0.057117750439367315,0.6877519633943227
GREAT LAKES SHAKE                   ,JR.CHL AVALANCHE              ,155,0.0022148552484924696,0.03182098131800452,0.046870275173873606,0.6733885438755949
CAPPUCCINO                    ,JR.CHL AVALANCHE              ,172,0.0024577748563916436,0.03145574250182882,0.05201088599939522,0.6656594411136936
JR.CHL AVALANCHE              ,NIRVANA HOOKAH SINGLE         ,253,0.003615215341087708,0.0765043846386453,0.03015854094647753,0.6382083497176868
GREAT LAKES SHAKE                   ,NIRVANA HOOKAH SINGLE         ,359,0.0051298905432825585,0.07370149866557175,0.04279413517701752,0.6148263535122234
CAPPUCCINO                    ,SAMBUCA                       ,203,0.0029007459060901375,0.037125091441111924,0.04589645037304997,0.5874040581577876
CALCUTTA MINT                 ,NIRVANA HOOKAH SINGLE         ,151,0.0021576976936926637,0.04566071968551557,0.017999761592561687,0.3809069597129277
GREAT LAKES SHAKE                   ,MINT FLAVOUR SINGLE           ,154,0.0022005658597925182,0.03161568466433998,0.02649690295939436,0.3806828706434687
CAPPUCCINO                    ,NIRVANA HOOKAH SINGLE         ,221,0.003157954902689263,0.04041697147037308,0.026344021933484323,0.33716301078074246
