Item_Desc,revenue,units,bills,median_rate,median_line_total,cluster
1 AXE TWIST                   ,519.78,6,6,70.0,86.63,1
1+1 BTL4 SEASON WHITE         ,2268.0,2,2,900.0,1134.0,1
1+1 GLS 4SEASON RED           ,2425.5,11,11,175.0,220.5,1
1+1 GLS 4SEASONS WHITE        ,3276.0,13,9,200.0,252.0,1
1+1 KF 1 LITER                ,14174.92,48,42,225.0,295.31,0
1+1 KF 1/2 LITER              ,22312.36,136,111,125.0,164.06,0
1+1 KF 2 LITER                ,3675.0,7,7,400.0,525.0,1
1+1 VLN CAB SAUV (BTL)        ,1008.0,1,1,800.0,1008.0,1
1+1 VLN CAB SAUV (GLS)        ,2646.0,12,11,175.0,220.5,1
1+1 VLN CAB SAUV CLASIQ (BTL) ,2016.0,2,2,800.0,1008.0,1
1+1 VLN CAB SAUV CLASIQ (GLS) ,4851.0,22,19,175.0,220.5,1
1+1 VLN CHENIN BLANC (GLS)    ,4630.5,21,16,175.0,220.5,1
1+1 VLN SAUV BLANC (BTL)      ,1008.0,1,1,800.0,1008.0,1
1+1 VLN SAUV BLANC (GLS)      ,2205.0,10,9,175.0,220.5,1
1+1 WINE BOTTLE               ,2144.52,2,2,851.0,1072.26,1
1+1 WINE GLASS                ,9323.43,40,39,175.1,220.63,0
2 AXE TWIST                   ,173.25,1,1,140.0,173.25,1
2 DOM BEER + 1PREM SHEESHA    ,1706.26,2,2,650.0,853.13,1
2 DOM BEER + 1SPL SHEESHA     ,6562.5,10,10,500.0,656.25,1
2 MUFFINS + BEVERAGE          ,367.53000000000003,3,3,99.0,122.51,1
2 OCEAN PINOTAGE (BTL)        ,2394.0,1,1,1900.0,2394.0,1
2 RED BULL                    ,4083.85,22,21,150.0,185.63,1
3 RED BULL                    ,100187.63,270,248,300.0,371.25,0
3COURSE NON-VEG MEAL          ,2598.75,7,7,300.0,371.25,1
3COURSE VEG MEAL              ,1856.28,6,6,250.0,309.38,1
4 DOM BEER + 1SPL SHEESHA     ,1968.76,2,2,750.0,984.38,1
4 SEASONS CLAS SAUV(BTL)      ,2268.0,2,2,900.0,1134.0,1
4 SEASONS CLAS SAUV(GLS       ,1008.0,4,3,200.0,252.0,1
4 SEASONS CLAS SYRAH(BTL)     ,1008.0,1,1,800.0,1008.0,1
4 SEASONS CLAS SYRAH(GLS)     ,1543.5,7,5,175.0,220.5,1
5 RED BULL                    ,18933.9,34,32,450.0,556.88,1
ADD BUTTERED TOAST            ,18.56,1,1,15.0,18.56,1
ADD CARAMEL FLAVOUR           ,2444.26,79,69,25.0,30.94,0
ADD CHICKEN                   ,1299.52,35,31,30.0,37.13,0
ADD CHICKEN BACON             ,148.52,4,4,30.0,37.13,1
ADD CHICKEN SAUSAGE           ,1183.73,16,15,60.0,74.25,1
ADD CINNAMON FLAVOUR          ,1330.42,43,40,25.0,30.94,0
ADD COTTAGE CHEESE            ,1082.9,35,35,25.0,30.94,0
ADD FRIES                     ,40422.05,934,752,35.0,43.31,0
ADD GROUND MEAT               ,111.39000000000001,3,3,30.0,37.13,1
ADD HAZELNUT FLAVOUR          ,7239.35,234,207,25.0,30.94,0
ADD HERB ROAST CHICKEN        ,6633.0,178,157,30.0,37.13,0
ADD ICE CREAM                 ,2503.09,50,47,40.0,49.5,0
ADD IRISH CREAM FLAVOUR       ,835.38,27,25,25.0,30.94,0
ADD ON S                      ,8061.599999999999,426,353,15.0,18.56,0
ADD POTATO WEDGES             ,1763.39,40,34,35.0,43.31,0
ADD SMOKED CHICKEN            ,3564.0,48,44,60.0,74.25,0
ADD TRADITIONAL MEAT FEAST    ,501.21,9,8,45.0,55.69,1
ADD VANILLA FLAVOUR           ,1794.52,58,50,25.0,30.94,0
ADD WHIPPED CREAM             ,2871.27,80,69,30.0,37.13,0
AFRICAN OMELETTE BREAKFAST    ,5630.57,26,25,175.0,216.56,1
AIOLI SALAD BOWL              ,4981.13,44,41,90.0,111.38,0
AL SIKANDARI HOOKAH DOUBLE    ,455.4,1,1,345.0,455.4,1
AL SIKANDARI HOOKAH SINGLE    ,231778.8,535,533,295.0,389.4,0
ALIO AGLIO                    ,1856.29,10,9,150.0,185.63,1
ANDALUSIAN SAUSAGES           ,6818.72,19,19,290.0,358.88,1
ANDAMAN STRIPE                ,589.5,2,2,262.0,294.75,1
APPLE CARROT N GINGER JUICE   ,19044.78,162,154,95.0,117.56,0
APPLE CINNAMON MUFFIN         ,15449.76,227,212,55.0,68.06,0
APPLE FLAVOUR DOUBLE          ,739.2,2,2,280.0,369.6,1
APPLE FLAVOUR SINGLE          ,105336.0,344,335,225.0,297.0,0
APPLE N CINNAMON CREPES       ,9652.779999999999,60,58,130.0,160.88,0
APPLE PEAR N LIME             ,22689.23,193,176,95.0,117.56,0
APPLE PIE SHAKE               ,31532.77,189,177,135.0,167.06,0
APRICOT FLAVOUR SINGLE        ,16038.0,54,54,225.0,297.0,0
ARABIAN MIST                  ,560406.0,1213,1206,350.0,462.0,0
ASH TRAYS                     ,168.75,1,1,150.0,168.75,1
ASIAN WOK TOSSED SALAD        ,4127.07,39,39,80.0,99.0,0
ASSORTED TAPAS (2)NONVEG      ,24094.38,59,52,330.0,408.38,0
ASSORTED TAPAS(2 )VEG         ,24764.33,73,62,275.0,340.31,0
AU LAIT SET                   ,951.75,3,3,282.0,317.25,1
AVALANCHE BOWL                ,1113.75,2,1,495.0,1113.75,1
B-BEANS G-TOMATO & WEDGES     ,884.8399999999999,11,11,65.0,80.44,1
B.M.T. PANINI                 ,377293.05,2904,2605,105.0,129.94,0
B1G1 4SEASON CLAS SAUV(BTL)   ,1134.0,1,1,900.0,1134.0,1
B1G1 4SEASON CLAS SAUV(GLS)   ,252.0,1,1,200.0,252.0,1
B1G1 4SEASON CLAS SYRAH(GLS)  ,441.0,2,2,175.0,220.5,1
B1G1 ZINZI RED (BTL)          ,2646.0,3,3,700.0,882.0,1
B1G1 ZINZI RED (GLS)          ,2268.0,12,11,150.0,189.0,1
B1G1 ZINZI WHITE (BTL)        ,2646.0,3,3,700.0,882.0,1
B1G1 ZINZI WHITE (GLS)        ,1890.0,10,10,150.0,189.0,1
BAHUT BERRY                   ,25690.5,173,159,120.0,148.5,0
BAILEYS IRISH SHAKE           ,87800.88,385,355,180.0,222.75,0
BANANA WALNUT MUFFIN          ,15177.550000000001,223,203,55.0,68.06,0
BANGERS N MASH                ,6849.47,41,40,135.0,167.06,0
BBQ CHICKEN WINGS             ,12684.64,67,64,150.0,185.63,0
BEACH GREEN                   ,294.75,1,1,262.0,294.75,1
BEAN N NACHO CHILLI           ,43674.64,236,221,150.0,185.63,0
BEANS NACHO CHILLI W MEAT     ,1299.37,6,5,175.0,216.56,1
BEER HOOKAH                   ,27704.0,42,32,500.0,660.0,1
BEER TANK 3.5 LITRE           ,11025.0,14,10,600.0,787.5,1
BENARAS BLUE                  ,394.88,1,1,351.0,394.88,1
BENARAS GREEN                 ,789.76,2,2,351.0,394.88,1
BENARAS LIME                  ,789.76,2,2,351.0,394.88,1
BENSON & HEDGES LIGHTS        ,3809.4,37,36,87.5,105.0,0
BENSON & HEDGES SPL           ,916.8,9,9,83.0,99.6,1
BENSON & HEGDES GOLD BLUE     ,329.4,3,3,91.5,109.8,1
BERRY BLAST                   ,258198.16,2216,2031,95.0,117.56,0
BERRY BULL                    ,3526.95,19,17,150.0,185.63,1
BHOJPURI SHOT GLASSES         ,2103.75,10,9,178.0,200.25,1
BLACK CURRANT ICED TEA        ,44916.09,427,392,85.0,105.19,0
BLACK FOREST CREPES           ,7715.92,43,41,145.0,179.44,0
BLACK FOREST SHAKE            ,92708.94,555,523,135.0,167.06,0
BLACKENED BALTI CHICKEN CRUSTI,16892.37,105,102,130.0,160.88,0
BLUE BERRY MUFFINS            ,11786.94,127,120,75.0,92.81,0
BLUE BERRY SINGLE             ,217100.4,641,640,245.0,323.4,0
BLUE LAGOON SHEESHA           ,7128.0,12,12,450.0,594.0,1
BLUEBERRY BRAIN FREEZER SHAKE ,84389.31,620,536,110.0,136.13,0
BODHI CUSHIONS                ,1650.3899999999999,3,3,489.0,550.13,1
BODHI PLANTER CUM CANDLE STAND,2920.51,4,3,649.0,730.13,1
BOTTLED WATER (1LITRE)        ,525.95,10,10,42.5,52.595,1
BRAZIL BOURBONSANTOS (AULAIT) ,15654.15,110,105,115.0,142.31,0
BRAZIL BOURBONSANTOS (REG)    ,18339.5,156,138,95.0,117.56,0
BROOKLYN                      ,2362.5,6,4,300.0,590.625,1
BROOKLYN BUCKET - 4           ,4200.0,4,4,800.0,1050.0,1
BUDWEISER                     ,28298.46,200,100,100.0,262.5,0
BUN MASKA & CHAI              ,49059.93,630,536,60.0,74.25,0
BUNUELOS DE CHIRIZO           ,10580.81,45,41,190.0,235.13,0
BUTTER MILK PAN CAKES         ,17819.7,192,169,75.0,92.81,0
BUTTERED TOASTS               ,3216.08,130,104,20.0,24.75,0
C C C ROMA TOMATO SALAD       ,5247.0,52,51,80.0,99.0,0
CAESARS SALAD WRAP            ,56269.15,323,305,140.0,173.25,0
CAFE MIT SCHLAG               ,5445.17,40,37,110.0,136.13,0
CAFE ZABAGLIONE               ,1392.21,9,9,125.0,154.69,1
CAFFE LATTE                   ,223512.61,2509,2095,70.0,86.63,0
CAJUN CHICKEN CRUSTINI        ,20994.48,117,115,145.0,179.44,0
CALAMARI FRITO                ,1113.77,6,5,150.0,185.63,1
CALCUTTA MINT                 ,1634326.4,3328,3307,350.0,462.0,0
CAPONATA                      ,185.63,1,1,150.0,185.63,1
CAPPUCCINO                    ,548593.7,7123,5468,60.0,74.25,0
CAPPUCCINO GRANDE             ,9689.93,87,71,90.0,111.38,0
CARLSBERG                     ,538802.08,3380,1716,120.0,315.0,0
CARLSBERG 2+1                 ,8250.0,21,12,300.0,581.25,1
CARROT CAKE                   ,643.51,4,3,130.0,160.88,1
CASABLANKA  HOOKAH SINGLE     ,23878.8,52,51,350.0,462.0,0
CEASAR SALAD BOWL             ,6354.8099999999995,56,52,90.0,111.38,0
CELERY N ORANGE               ,4702.43,40,35,95.0,117.56,0
CEREAL KILLER                 ,4269.47,23,21,150.0,185.63,1
CH BOOKMARKS SET OF 4         ,438.9,11,10,38.0,39.9,1
CH COASTER SET OF 4           ,898.8,4,3,214.0,224.7,1
CH COFFEE MUGS                ,6050.0,27,25,200.0,225.0,1
CH CRICKET NOTEBOOK           ,300.3,2,1,143.0,300.3,1
CH KEY CHAIN                  ,2320.15,22,20,95.0,99.75,1
CH NOTE BOOKS                 ,2187.1499999999996,32,28,62.0,65.1,0
CH TIN RECTANGULAR            ,359.1,2,2,171.0,179.55,1
CH TIN SMALL                  ,179.55,1,1,171.0,179.55,1
CH TINS                       ,5617.5,25,24,214.0,224.7,1
CH TSHIRTS                    ,425.25,1,1,405.0,425.25,1
CH WRAPPING PAPER             ,90.0,2,2,40.0,45.0,1
CHAI LATTE                    ,40187.29,433,366,75.0,92.81,0
CHAIRMAN COOL                 ,294.75,1,1,262.0,294.75,1
CHAMOMILE TEA                 ,9188.19,135,126,55.0,68.06,0
CHAMPINONES CON AJO Y OLIVA   ,11944.28,69,68,140.0,173.25,0
CHEDDAR CHEESE                ,915.75,37,35,20.0,24.75,0
CHEESE CAKE OF THE WEEK       ,35048.8,250,233,105.0,129.94,0
CHEESE FINGERS                ,1546.8899999999999,5,4,250.0,309.38,1
CHEESE FONDUE                 ,88108.11,216,206,330.0,408.38,0
CHERRY FLAVOUR SINGLE         ,20526.0,66,64,225.0,297.0,0
CHICKEN BURGER                ,29017.01,117,103,200.0,247.5,0
CHICKEN DRUMMETS              ,2413.19,13,13,150.0,185.63,1
CHICKEN HAM                   ,216.55,5,5,35.0,43.31,1
CHICKEN KIBBEH                ,20666.25,99,95,175.0,216.56,0
CHICKEN SALAMI                ,1151.03,31,31,30.0,37.13,0
CHICKEN SALAMI PANINI         ,99452.7,699,647,115.0,142.31,0
CHICKEN SAUSAGE               ,1186.0,32,30,30.0,37.13,0
CHICKEN SLOUVLAKI WRAP        ,74246.2,375,354,160.0,198.0,0
CHOCOLATE FONDUE              ,50258.3,125,119,325.0,402.19,0
CHOCOLATE ICECREAM            ,3044.54,82,70,30.0,37.13,0
CHOCOLATE REVOLUTION          ,1347.6100000000001,11,11,99.0,122.51,1
CHUNKY CHOCO CHIP COOKIES     ,19842.86,304,273,55.0,68.06,0
CINNA BUNS W CREAM CHESSE FROS,5197.4,56,52,75.0,92.81,0
CINNAMON APPLE TEA            ,5952.5599999999995,74,68,65.0,80.44,0
CLASSIC BELGIAN  WAFFLE       ,30127.17,298,289,80.0,99.0,0
CLASSIC MENTHOL               ,362.4,4,4,73.0,87.6,1
CLASSIC MENTHOL RUSH          ,199.92,2,2,83.3,99.96,1
CLASSIC MILD                  ,6409.2,67,64,83.0,99.6,0
CLASSIC REGULAR               ,93.6,1,1,78.0,93.6,1
CLASSIC ULTRA MILD            ,386.4,4,4,83.0,99.6,1
COLUMBIAN SUP DCAFE (AU LAIT) ,2617.28,17,16,115.0,142.31,1
COLUMBIAN SUP DCAFE (RGLR)    ,4040.37,31,30,115.0,142.31,0
COLUMBIAN SUPREMO  (REG)      ,25312.72,189,175,115.0,142.31,0
COLUMBIAN SUPREMO (AULAIT)    ,13723.74,86,77,135.0,167.06,0
CON PANNA                     ,6014.25,81,76,60.0,74.25,0
COOKIE CRUMBLE                ,25864.649999999998,190,185,110.0,136.13,0
COOKIE MONSTER                ,56466.46,338,319,135.0,167.06,0
COOL CALIFORNICA              ,96866.25,921,877,85.0,105.19,0
COOLER GLASS(PILSNER)         ,393.75,5,5,70.0,78.75,1
COSTARICA TARAZU (AULAIT)     ,13804.2,97,82,115.0,142.31,0
COSTARICA TARRAZU (REG)       ,22454.12,191,170,95.0,117.56,0
COTTAGE CHEESE                ,1336.67,36,35,30.0,37.13,0
COTTAGE CHEESE PANINI         ,227581.63999999998,1751,1612,105.0,129.94,0
COUNTRY LEMONADE              ,212007.33,2014,1809,85.0,105.19,0
COUNTRY LEMONADE GLASS(HANSA) ,168.75,1,1,150.0,168.75,1
COUNTRY ROAST CHICKEN PANINI  ,204181.2,1434,1322,115.0,142.31,0
COUS COUS WRAP                ,13340.25,77,75,140.0,173.25,0
CRANBERY SMOOTHIES            ,8464.5,57,54,120.0,148.5,0
CREME BRULEE                  ,10364.23,67,67,125.0,154.69,0
CREPES MONTE CRISTO           ,19193.86,94,91,165.0,204.19,0
CREPES WITH MUSHROOMS         ,28604.49,149,144,155.0,191.81,0
CREPES WITH POTATO LAKTES     ,10165.94,53,52,155.0,191.81,0
CRUMBED TOFU CRUSTINI         ,5265.47,37,37,115.0,142.31,0
CURRANT COOLER                ,58065.78,494,476,95.0,117.56,0
CURRIED WASHINGTON APPLE SOUP ,1577.78,17,16,75.0,92.81,1
CUTTING GLASS                 ,27.0,2,1,12.0,27.0,1
DAAKU SHOT GLASSES S-O 2      ,600.75,3,3,178.0,200.25,1
DAARU BEER GLASS              ,999.0,4,4,222.0,249.75,1
DAILY BEER GLASSES            ,3047.25,12,10,222.0,249.75,1
DAIRY OF A DAIRY              ,2249.8,8,8,238.0,249.9,1
DARK RUM (SM)                 ,787.5,3,2,200.0,393.75,1
DECAFFINATE COFFEE FRAPPE     ,92.81,1,1,75.0,92.81,1
DHARMATEA LIGHT HOLDER        ,280.13,1,1,249.0,280.13,1
DIA SPARKLING WINE(BTL)       ,2520.0,4,4,500.0,630.0,1
DIA SPARKLING WINE(GLS)       ,3150.0,20,14,125.0,157.5,1
DIP BOWL                      ,67.5,1,1,60.0,67.5,1
DOPPIO                        ,45218.25,609,524,60.0,74.25,0
DUTCH TRUFFLE CAKE SHAKE      ,113427.55,679,657,135.0,167.06,0
EARL GREY                     ,14565.12,214,180,55.0,68.06,0
ENG BREAKFAST TEA             ,6601.93,97,86,55.0,68.06,0
ESPRESSO                      ,31841.34,613,518,40.0,49.5,0
ESPRESSO TRIOS                ,5581.29,41,37,110.0,136.13,0
ETCHED LEAF TLIGHT HOLDER     ,280.13,1,1,249.0,280.13,1
ETHIOPIAN YIRGACHEFFE (REG)   ,14850.23,96,89,125.0,154.69,0
ETHOPIAN YIRGACHEFFE (AULAIT) ,7357.0199999999995,41,36,145.0,179.44,0
FISH FINGER                   ,742.5,2,2,300.0,371.25,1
FLAVOR  50 GMS                ,371.25,3,3,110.0,123.75,1
FLAVOR 1000 GMS               ,1653.75,1,1,1470.0,1653.75,1
FLAVOR 250 GMS                ,1068.76,2,2,475.0,534.38,1
FLAVORS (100 GMS)             ,1417.5,6,3,210.0,236.25,1
FLAVOUR 500 GMS               ,6378.75,7,7,810.0,911.25,1
FLEUR SATIN                   ,789.76,2,2,351.0,394.88,1
FRENCH FRIES                  ,12560.130000000001,290,267,35.0,43.31,0
FRENCH VINAIGRETTE SALAD BOWL ,6177.3,55,55,90.0,111.38,0
FRIED MOZZARELLA              ,3557.87,23,22,125.0,154.69,1
FRUIT FROM THE TROPICS        ,20981.55,178,160,95.0,117.56,0
GARDEN FRESH PANINI           ,170134.04,1306,1235,105.0,129.94,0
GHANA HOT CHOCOLATE           ,11323.4,61,58,150.0,185.63,0
GIN (SM)                      ,787.5,3,2,200.0,393.75,1
GINSENG PEACH TEA             ,4102.42,51,46,65.0,80.44,0
GNOCCHI CON POMMODORO         ,18162.76,98,97,150.0,185.63,0
GNOCCHI SUN-DRIED TOM SAUCE   ,8353.26,27,27,250.0,309.38,1
GOA GIRLS SHOT GLASS          ,1683.0,8,8,187.0,210.375,1
GOLD FLAKE KING BLUE          ,1155.0,11,11,87.5,105.0,1
GOLD FLAKE KING RED           ,2940.0,28,28,87.5,105.0,0
GOLD FLAKE KINGS-BIG          ,963.5999999999999,11,11,73.0,87.6,1
GOLD FLAKE LIGHTS-BIG         ,262.79999999999995,3,3,73.0,87.6,1
GOLD FLAKE ULTRA LIGHTS(20)   ,87.6,1,1,73.0,87.6,1
GOLDEN DELIGHT 1.1            ,394.88,1,1,351.0,394.88,1
GOOEY CHOCOLATE FUDGE         ,102876.44,1278,1170,65.0,80.44,0
GOSSIPS CHARD AUS (BTL)       ,2756.25,1,1,2100.0,2756.25,1
GRAPE FLAVOUR SINGLE          ,127215.0,414,409,225.0,297.0,0
GRAPPO SHEESHA                ,594.0,1,1,450.0,594.0,1
GREAT LAKES CREAM                   ,12919.67,72,67,145.0,179.44,0
GREAT LAKES FLOAT W VANILLA         ,20912.32,323,282,50.0,61.88,0
GREAT LAKES FLOATS W CHOC           ,23946.74,376,300,50.0,61.88,0
GREAT LAKES FRAPPE                  ,14429.68,106,96,110.0,136.13,0
GREAT LAKES HOOKAH SINGLE           ,778.8,2,2,295.0,389.4,1
GREAT LAKES MUG SINGLE              ,159.75,1,1,142.0,159.75,1
GREAT LAKES ORGANISER               ,1008.0,4,4,240.0,252.0,1
GREAT LAKES SHAKE                   ,840269.59,5894,4871,110.0,136.13,0
GREAT LAKES STAMP DAIRY             ,1124.55,9,7,119.0,124.95,1
GREAT LAKES T-SHIRTS                ,11209.800000000001,31,28,332.0,348.6,1
GREAT LAKES-JAVA BLEND (AULAIT)     ,8254.02,58,54,115.0,142.31,0
GREAT LAKES-JAVA BLEND (REG)        ,14107.27,120,112,95.0,117.56,0
GREEK GYROS CRUSTINI          ,12560.8,70,68,145.0,179.44,0
GREEN APPLE FLAVOUR SINGLE    ,793683.0,2590,2528,225.0,297.0,0
GREEN TEA                     ,11434.25,168,150,55.0,68.06,0
GRENADINE                     ,194964.0,422,422,350.0,462.0,0
GRILLED CHICKEN SAUSAGES      ,3526.93,75,62,40.0,49.5,0
GUATEMALA ANTIGUA (AULAIT)    ,3768.24,21,21,145.0,179.44,1
GUATEMALA ANTIGUA (REG)       ,3248.49,21,21,125.0,154.69,1
GUAVA                         ,10164.0,22,22,350.0,462.0,1
GUERILLA COOL                 ,294.75,1,1,262.0,294.75,1
HASH BROWN OMELETTE           ,56653.43,277,262,165.0,204.19,0
HAWAIIAN KONA FANCY (AU LAIT) ,4349.86,19,19,185.0,228.94,1
HAWAIIAN KONA FANCY(REG)      ,5513.13,27,27,165.0,204.19,1
HAZELNUT FONDUE               ,7796.389999999999,30,29,210.0,259.88,1
HERBED CHICKEN PIE            ,42498.01,254,236,135.0,167.06,0
HERBED CHKN POTATOES & CARROTS,7895.35,22,21,290.0,358.88,1
HERBED GARDEN PIE             ,18512.71,130,127,115.0,142.31,0
HH COOL                       ,589.5,2,2,262.0,294.75,1
HOEGAARDEN (GLS)              ,21065.72,66,44,250.0,328.13,0
HOEGAARDEN GLS (2+1)          ,918.75,1,1,700.0,918.75,1
HOEGAARDEN LTR MUGS (2+1)     ,1706.25,1,1,1300.0,1706.25,1
HOEGAARDEN MUG (1 LITRE)      ,43378.3,53,42,650.0,853.13,1
HOEGAARDEN MUG (1/2 LITRE)    ,20212.63,44,32,350.0,459.38,1
HONEY & MUSTARD GLAZED CHICKEN,3991.0099999999998,21,20,150.0,185.63,1
HONEY MUSTARD CHICKEN         ,8445.86,39,37,175.0,216.56,0
HONEY ROASTED PEANUT BUTTER CK,3266.8900000000003,48,47,55.0,68.06,0
HONEYGLAZED CHICK & MUSTERD CR,21136.5,122,110,140.0,173.25,0
HOTDOG WRAP                   ,36012.11,194,182,150.0,185.63,0
HOUSE BLEND DE CAFFE (AU LAIT),1670.62,10,8,135.0,167.06,1
HOUSE BLEND DECAFF (REG)      ,4269.33,30,27,115.0,142.31,0
HOUSEBLEND FULLCITY (AU LAIT) ,6261.68,44,40,115.0,142.31,0
HOUSEBLEND FULLCITY (REG)     ,8581.92,73,69,95.0,117.56,0
ICE BERG SHEESHA              ,5940.0,10,10,450.0,594.0,1
ICE BULL                      ,3155.71,17,17,150.0,185.63,1
ICE SPICE SHEESHA             ,528.0,2,2,200.0,264.0,1
ICED LEMON OR STR CAMOMILE    ,43164.0,109,108,300.0,396.0,0
INDIA KINGS OCEAN BLUE        ,109.8,1,1,91.5,109.8,1
INDIAN PEABERRY (AULAIT)      ,8167.5,66,62,100.0,123.75,0
INDIAN PEABERRY (REG)         ,14553.0,147,133,80.0,99.0,0
IRISH COFFEE                  ,60793.15,393,354,125.0,154.69,0
ITALIAN CAPONATA PANINO       ,35111.64,227,214,125.0,154.69,0
ITALIAN OMELETTE BREAKFAST    ,38648.25,240,231,130.0,160.88,0
J.PCHENET SPARKLING ROSE (BTL),6426.0,3,3,1700.0,2142.0,1
JAIPUR LILY                   ,789.76,2,2,351.0,394.88,1
JAISALMER LILY                ,789.76,2,2,351.0,394.88,1
JAMAICAN BLUE MT (AU LAIT)    ,28617.489999999998,125,111,185.0,228.94,0
JAMAICAN BLUE MT (REG)        ,53293.56,261,237,165.0,204.19,0
JAPANESE YAKITORI WRAP        ,22832.48,123,122,150.0,185.63,0
JAVA ESTATES (AULAIT)         ,3050.48,17,15,145.0,179.44,1
JAVA ESTATES (REG)            ,2784.42,18,17,125.0,154.69,1
JODHPUR LILY                  ,789.76,2,2,351.0,394.88,1
JR.CHL AVALANCHE              ,712179.6,3439,3307,160.0,198.0,0
JUICE HOOKAH SINGLE           ,64541.4,154,154,295.0,389.4,0
JUICY LUCY                    ,5197.5,21,20,200.0,247.5,1
KENYA AA  (REG)               ,29391.09,190,171,125.0,154.69,0
KENYA AA (AULAIT)             ,14355.19,80,78,145.0,179.44,0
KF DRAFT MUG                  ,11254.74,49,23,175.0,459.38,1
KF DRAUGHT (1/2LTR)           ,251396.88,1520,1115,125.0,164.06,0
KF DRAUGHT (1LTR)             ,330073.59,1073,851,240.0,315.0,0
KF DRAUGHT PITCHER (2LTR)     ,330617.67,611,469,400.0,525.0,0
KHEEMA GHOTALA                ,51038.409999999996,354,317,110.0,136.13,0
KIT KAT SHAKE                 ,303668.19,1818,1679,135.0,167.06,0
KITSCH BLUE                   ,294.75,1,1,262.0,294.75,1
KITSCH PINK                   ,294.75,1,1,262.0,294.75,1
KONKAN STRIPE                 ,294.75,1,1,262.0,294.75,1
LAMB STEW ALIO OLIO LINGUINI  ,4665.44,13,13,290.0,358.88,1
LASSI DA GLASS                ,1068.4,5,5,190.0,199.5,1
LATE HARVEST SULA CHENIN (BTL),8505.0,14,12,500.0,630.0,1
LATE HARVEST SULA CHENIN (GLS),5607.0,23,21,200.0,252.0,1
LAVA LAVA                     ,198582.47999999998,1070,1000,150.0,185.63,0
LEBANESE CHICKEN WRAP         ,20148.9,101,95,160.0,198.0,0
LEMON FLAVOUR SINGLE          ,16368.0,53,52,225.0,297.0,0
LEMON ICED TEA                ,282398.22,2684,2193,85.0,105.19,0
LEMON INFUSED CHAR GRILLED VEG,82163.38,439,410,150.0,185.63,0
LINDT CHOCOLATE SHAKE         ,159551.49,523,475,260.0,321.75,0
LINDT HOT CHOCOLATE           ,66286.82,299,275,195.0,241.31,0
LOTUS TEA LIGHT HOLDER        ,1400.63,5,3,249.0,560.25,1
M & M SHAKE                   ,25839.0,116,113,180.0,222.75,0
MAC N CHEESE                  ,9856.59,59,52,135.0,167.06,0
MADIBA COOL                   ,884.25,3,3,262.0,294.75,1
MAGGI NDL ARRABIATA           ,145832.51,941,881,125.0,154.69,0
MAGGI NDL BBQ SAUCE           ,2314.13,13,13,140.0,173.25,1
MAGGI NDL BOLOGNESE           ,16316.44,94,92,140.0,173.25,0
MAGGI NDL BURMESE CURRY       ,1423.15,9,9,125.0,154.69,1
MAGGI NDLCREAM/ CHEE/GARLIC   ,211238.38,1362,1274,125.0,154.69,0
MAGGI NDLTHAI STYLE           ,39816.68,234,222,140.0,173.25,0
MAHATMA COOL                  ,1473.75,5,5,262.0,294.75,1
MAISON PIERRE SAUV MARSAN     ,6426.0,3,3,1700.0,2142.0,1
MALABAR STRIPE                ,589.5,2,2,262.0,294.75,1
MANDALA VALLEY CHENIN BLANC(GL,220.5,1,1,175.0,220.5,1
MANDALA VALLEY RED ZINFANDEL(G,504.0,2,1,200.0,504.0,1
MANGO FLAVOUR SINGLE          ,297.0,1,1,225.0,297.0,1
MARINATED CHICKEN & AIOLI     ,12548.05,58,54,175.0,216.56,0
MARRAKESH HOOKAH SINGLE       ,31237.8,78,78,295.0,389.4,0
MASALA CHAI CUTTING           ,157279.35,2993,2234,40.0,49.5,0
MASALA OMELETTE               ,6979.5,47,42,120.0,148.5,0
MATEUS ROSE PORTUGAL(BTL)     ,2520.0,1,1,2000.0,2520.0,1
MEDITER RANEAN PANINO         ,50806.51,391,377,105.0,129.94,0
MEXICAN CHILLI CON CARNE WRAP ,15407.279999999999,83,82,150.0,185.63,0
MEXICAN CHILLY CREPES         ,4083.8,20,19,165.0,204.19,1
MEZE PLATTER                  ,98115.54,642,623,110.0,136.13,0
MIAMI MELONS                  ,153341.01,1427,1262,85.0,105.19,0
MINT FLAVOUR DOUBLE           ,1090.88,3,3,280.0,369.6,1
MINT FLAVOUR SINGLE           ,1838851.0,6014,5812,225.0,297.0,0
MISCHIEF HOOKAH SINGLE        ,284149.8,816,814,245.0,323.4,0
MIXED FLAVOUR SINGLE          ,42464.54,143,141,225.0,297.0,0
MM DAIRY GRAMAPHONE           ,1360.8000000000002,6,5,216.0,226.8,1
MM SALSA SHEESHA              ,7128.0,12,12,450.0,594.0,1
MOCAFE HOT CHOCOLATE(SF)      ,80.44,1,1,65.0,80.44,1
MODEL-P (IRON ASHTRAY)        ,499.5,1,1,444.0,499.5,1
MONSOON MALABAR (AULAIT)      ,29328.75,237,218,100.0,123.75,0
MONSOON MALABAR (REG)         ,41679.0,421,373,80.0,99.0,0
MOROCCAN MINT TEA             ,159687.81,2811,2256,45.0,55.69,0
MOROCCAN SOY KEBABS           ,8941.13,48,44,150.0,185.63,0
MORROCAN SOY KEBABS           ,5290.4,34,34,125.0,154.69,0
MOTHERS DAY SPL               ,0.05,5,5,0.01,0.01,0
MT. BROWNIE                   ,106236.55,494,482,180.0,222.75,0
MUGS - CHIP PRINT             ,1155.02,9,7,115.5,129.94,1
MUGS - DOTS                   ,924.9,11,9,75.5,84.94,1
MUGS - FLAMES                 ,1055.3,14,12,67.0,75.38,1
MUGS - PATTERN                ,2403.0699999999997,24,16,89.0,100.13,1
MUGS - PLAIN COLOUR           ,75.38,1,1,67.0,75.38,1
MUGS - STRIPE PLAIN           ,594.65,8,7,67.0,75.38,1
MUGS - TALL PLAIN             ,1130.69,15,14,67.0,75.38,1
MUGS - TOP BOTTOM             ,717.75,11,6,58.0,97.875,1
MUGS WITH CIRCLE DESIGN       ,1130.6599999999999,15,10,67.0,75.38,1
MUMBAI SHOT GLASSES           ,2144.25,10,9,196.0,220.5,1
MUSHROOM                      ,816.75,33,32,20.0,24.75,0
MUSHROOM & CORN               ,216.58,7,7,25.0,30.94,1
MUSTARD HONEY MAYO SALAD BOWL ,6818.92,61,60,90.0,111.38,0
N R G  HOOKAH                 ,1183511.4,2298,2235,375.0,495.0,0
N R G HOOKAH                  ,8910.0,15,15,450.0,594.0,1
NAPKIN STAND                  ,450.0,2,2,200.0,225.0,1
NEW ORLEANS BLUE  (AULAIT)    ,1423.1,10,10,115.0,142.31,1
NEW ORLEANS BLUE (REG)        ,1763.4,15,15,95.0,117.56,1
NIRVANA HOOKAH DOUBLE         ,778.8,2,2,295.0,389.4,1
NIRVANA HOOKAH SINGLE         ,2898744.0,8525,8389,245.0,323.4,0
NON-VEG CLUB WRAP             ,137055.08,692,645,160.0,198.0,0
NONVEG PASTA PESTO            ,1392.2,5,5,225.0,278.44,1
NUTELLA CREPES                ,31529.17,196,171,130.0,160.88,0
O M G GRILLED BURGER          ,46061.19,186,164,200.0,247.5,0
OATMEAL AND RAISIN COOKIES    ,5887.35,96,85,45.0,55.69,0
ORANGE ARRABIATA              ,99876.95999999999,535,495,150.0,185.63,0
ORANGE FLAVOUR SINGLE         ,36993.0,117,117,250.0,330.0,0
ORANGINA  (250ML)             ,4702.74,76,60,50.0,61.88,0
OREO COOKIE SHAKE             ,404029.99,2250,1989,145.0,179.44,0
PAAN SHEESHA                  ,5568.8,10,10,450.0,556.88,1
PAN CAKES                     ,6496.74,70,66,75.0,92.81,0
PARTY CHARGES @ 500/-         ,14231.25,23,1,500.0,14231.25,1
PASTA ALFREDO NONVEG          ,10890.1,39,38,225.0,278.44,0
PASTA ALFREDO VEG             ,32439.19,131,129,200.0,247.5,0
PASTA ARABIATA NONVEG         ,13272.32,47,47,225.0,278.44,0
PASTA ARABIATA VEG            ,44667.57,180,170,200.0,247.5,0
PCJ PATTY BURGER              ,21037.33,97,90,175.0,216.56,0
PEACH BULL                    ,2598.8,14,12,150.0,185.63,1
PEACH FLAVOUR SINGLE          ,22242.0,71,71,225.0,297.0,0
PEACHES N STRAWBERRIES        ,12771.0,86,77,120.0,148.5,0
PEPPERMINT TEA                ,5148.16,64,59,65.0,80.44,0
PESCADO PANINO                ,9170.13,57,54,130.0,160.88,0
PESTO CREAM                   ,12375.279999999999,66,64,150.0,185.63,0
PHILADELPHIA CREAM CHEESECAKE ,16303.85,85,85,155.0,191.81,0
PHILLYCREAM CHEESE &CHILLY PAN,277971.05,2140,1860,105.0,129.94,0
PINK LEMONADE                 ,163317.57,1553,1415,85.0,105.19,0
PLAIN  JANE (STRAWBERRY)      ,12386.51,100,95,100.0,123.75,0
PLAIN JANE (CHOCOLATE)        ,22520.37,182,159,100.0,123.75,0
PLAIN JANES (VANILLA)         ,8378.71,69,66,100.0,123.75,0
PLAYING CARDS                 ,1484.21,11,9,128.5,134.93,1
POLENTA & CORN CAKES          ,1237.52,8,8,125.0,154.69,1
POLLO CON AIOLI               ,39178.36,176,163,180.0,222.75,0
POLLO PELOTA CON TAMATE SALSA ,8699.8,37,36,190.0,235.13,0
POTATO WEDGES                 ,4801.5,97,94,40.0,49.5,0
POUTINE WITH FRIES            ,575284.5599999999,3709,3414,125.0,154.69,0
POUTINE WITH WEDGES           ,93283.64,458,420,165.0,204.19,0
PROFESSOR COOL                ,1179.0,4,4,262.0,294.75,1
PUMPKIN PIE                   ,2103.75,17,17,100.0,123.75,1
QUA  MINERAL WATER(1000ML)    ,224633.93000000002,3632,3328,50.0,61.88,0
QUA  MINERAL WATER(500ML)     ,41881.92,967,833,35.0,43.31,0
QUESO CROQUETAS FRITOS        ,20493.0,92,88,180.0,222.75,0
RABAT HOOKAH SINGLE           ,296802.0,710,705,295.0,389.4,0
RASPBERRY LITE SHAKE          ,9534.8,67,64,115.0,142.31,0
RECESSION BEER MUG SHOT GLS   ,1662.67,8,8,178.0,200.25,1
RED BULL 2+1                  ,378941.67,1225,1167,250.0,309.38,0
RED BULL 3+2                  ,48262.29,104,99,375.0,464.06,0
RED BULL ENERGY DRINK         ,373016.12,2266,1860,125.0,154.69,0
RED BULL SHEESHA              ,58212.0,98,86,450.0,594.0,0
RED SANGRIA (CARAFE) áááááááá ,28854.0,28,24,800.0,1008.0,1
RED SANGRIA (GLS)á áááááááááá ,24255.0,110,78,175.0,220.5,0
RED VELVET CHEESE CAKE        ,866.25,7,7,100.0,123.75,1
RED WINE SHEESHA              ,402278.4,778,775,375.0,495.0,0
REDBULL HOOKAH + 2REDBULL     ,62073.0,99,97,475.0,627.0,0
ROAST CHICKEN SALAD           ,482.62,2,2,195.0,241.31,1
ROCK THE BOAT TEA LIGHT HOLDER,249.75,1,1,222.0,249.75,1
ROCKSTAR TOOTHPICK HOLDER     ,4178.28,16,14,222.0,264.94,1
ROCKY ROAD SHAKE              ,53793.44,322,310,135.0,167.06,0
ROMA TOMATO & JALAPENO CROQUE ,31863.47,206,198,125.0,154.69,0
ROSE FLAVORS SINGLE           ,13068.0,44,44,225.0,297.0,0
RULER DIARY                   ,651.0,10,9,62.0,65.1,1
RUM N RAISIN CHEESE CAKE      ,4269.48,23,22,150.0,185.63,1
SAIGON NOODLES                ,4207.6,40,40,85.0,105.19,0
SALI PER EDU/PAPETA PER EDU   ,2178.08,16,16,110.0,136.13,1
SALSA WRAP                    ,16935.56,90,82,150.0,185.63,0
SAMBUCA                       ,2289870.0,4763,4423,350.0,462.0,0
SANDASS                       ,9844.880000000001,19,16,444.0,499.5,1
SANGRIA ROSE (CARAFE)         ,13230.0,13,12,800.0,1008.0,1
SANGRIA ROSE (GLS)            ,7276.5,33,30,175.0,220.5,1
SATAY CHICKEN PANINI          ,155596.57,1093,983,115.0,142.31,0
SCHNEIDER 2+1                 ,1575.0,2,1,600.0,1575.0,1
SCHNEIDER BUCKET - 6          ,4725.0,3,3,1200.0,1575.0,1
SCHNEIDER WEISSE              ,1575.0,4,4,300.0,393.75,1
SCRAMBLED EGGS                ,40688.61,324,290,95.0,117.56,0
SCRAMBLED EGGS + BEVERAGE     ,857.58,7,5,99.0,122.51,1
SEASONAL FRUITPIE (LOWCAL)    ,32744.25,189,181,140.0,173.25,0
SHAKE GLASS                   ,281.25,1,1,250.0,281.25,1
SHERRIED GARLIC MUSHROOMS CRUS,29600.57,208,198,115.0,142.31,0
SHERRIED MUSHROOMS CROQUE     ,27070.75,175,168,125.0,154.69,0
SILVER APPLE SINGLE           ,673525.2,1985,1971,245.0,323.4,0
SILVER STYLER 1.0             ,394.88,1,1,351.0,394.88,1
SMOKED CHICK & PESTO CREAM CRO,64099.18,370,349,140.0,173.25,0
SNICKER BAR SHAKE             ,103744.55,621,585,135.0,167.06,0
SOYA BOLOGNAISE               ,4950.08,16,16,250.0,309.38,1
SOYA SAMMICH                  ,3681.53,17,16,175.0,216.56,1
SPANISH OMELETTE BREAKFAST    ,61325.93,381,353,130.0,160.88,0
SPICE SHEESHA                 ,3564.0,6,6,450.0,594.0,1
SPICED LEMON AND BASIL VELOUTE,7270.24,78,64,75.0,92.81,0
SPINACH TEMPURA               ,1856.28,12,12,125.0,154.69,1
SR.CHL AVALANCHE              ,228941.4,770,734,240.0,297.0,0
SRILANKAN OMELETTE BREAKFAST  ,18662.04,116,112,130.0,160.88,0
STELLA 1LTR 2+1               ,8531.25,5,4,1300.0,1706.25,1
STELLA ARTOIS                 ,1181.25,4,2,225.0,590.625,1
STELLA ARTOIS (GLS)           ,9421.91,30,17,250.0,328.13,1
STELLA ARTOIS MUG (1 LTR)     ,12534.43,15,13,650.0,853.13,1
STELLA ARTOIS MUG (1/2 LTR)   ,15618.84,34,21,350.0,459.38,1
STRAWBERRY CHEESECAKE SHAKE   ,76336.99,457,436,135.0,167.06,0
STRAWBERRY FLAVOUR SINGLE     ,79926.0,259,259,225.0,297.0,0
STRAWBERRY ICED TEA           ,48158.75,458,409,85.0,105.19,0
STRAWBERRY LITE SHAKE         ,31450.58,221,213,115.0,142.31,0
STRAWBERRY MERINGUE           ,495.0,2,2,200.0,247.5,1
STUFFED MUSHROOM              ,34434.17,194,182,150.0,185.63,0
SUGARLESS LEMON ICE TEA       ,8581.98,73,61,95.0,117.56,0
SULA BLUSH ZINFANDEL (BTL)    ,12474.0,11,10,900.0,1134.0,1
SULA BLUSH ZINFANDEL(GLS)     ,26964.0,107,72,200.0,252.0,0
SULA BRUT (BTL)               ,10584.0,7,5,1200.0,1512.0,1
SULA CHENIN BLANC (BTL)       ,1008.0,1,1,800.0,1008.0,1
SULA CHENIN BLANC (GLS)       ,3087.0,14,10,175.0,220.5,1
SULA SATORI MERLOT (BTL)      ,2016.0,2,2,800.0,1008.0,1
SULA SATORI MERLOT (GLS)      ,5953.5,27,20,175.0,220.5,1
SUMATRA MANDHELING (AULAIT)   ,4126.99,29,29,115.0,142.31,0
SUMATRA MANDHELING (REG)      ,11050.73,94,85,95.0,117.56,0
SUNNY SIDE UP                 ,5222.25,35,33,120.0,148.5,0
SUNNY SIDE UP/BULLS EYE       ,7288.81,62,52,95.0,117.56,0
SUNNY SIDEUP + BEVERAGE       ,122.51,1,1,99.0,122.51,1
SUNSHINE SHAKE                ,25226.1,151,147,135.0,167.06,0
SWEET MELON FLAVOUR SINGLE    ,12474.0,42,42,225.0,297.0,0
TENNESSEE CHICKEN WINGS       ,17850.77,81,76,175.0,216.56,0
TEQUILA                       ,3937.5,10,5,300.0,393.75,1
THANK GOD ITS A SUNDAE        ,24180.53,125,122,155.0,191.81,0
THAT CHOCOLATE THING......... ,95457.43,551,522,140.0,173.25,0
THE  CHAMPAGNE SHEESHA        ,317691.0,627,624,375.0,495.0,0
THE AFTER EIGHT SHAKE         ,75062.48,337,323,180.0,222.75,0
THE CHOC FATHER               ,10692.0,54,54,160.0,198.0,0
THE CHOCO LATTE               ,120092.86,997,892,95.0,117.56,0
THE FERROR ROCHER SHAKE       ,243405.88,1124,1029,175.0,216.56,0
THE GREAT INDIAN WRAP         ,45738.0,231,215,160.0,198.0,0
THUNDER THIGH(JUICE GLS) BLACK,749.25,3,3,222.0,249.75,1
THUNDER THIGH(JUICE GLS) RED  ,549.75,2,2,244.335,274.875,1
TIFFIN DABBA CD RACK (SMALL)  ,1498.5,3,3,444.0,499.5,1
TINS RECT & SMALL CIRCULAR    ,1795.5,10,9,171.0,179.55,1
TIRAMISU                      ,16755.75,93,93,140.0,173.25,0
TOAST BUTTER                  ,1287.0,26,25,40.0,49.5,0
TOAST CIABATA                 ,297.0,6,6,40.0,49.5,1
TOBLERONE SHAKE               ,194992.9,1166,1088,135.0,167.06,0
TOMATO CARROT N CELERY        ,4702.43,40,37,95.0,117.56,0
TOMATOLINO                    ,10332.94,111,101,75.0,92.81,0
TRADITIONAL ITALIAN CRUSTINI  ,41294.86,290,264,115.0,142.31,0
TREE DIARY                    ,846.3,13,12,62.0,65.1,1
TROPICAL SMOOTHIE             ,77590.04000000001,660,609,95.0,117.56,0
TUBORG                        ,380920.48,2854,1472,100.0,196.88,0
TUBORG 2+1                    ,7471.88,19,13,300.0,393.75,1
UDAIPUR LILY                  ,394.88,1,1,351.0,394.88,1
ULTIMATE HOT CHOCOLATE        ,147089.45,1208,1069,95.0,117.56,0
UNLIMITED BEER                ,5244.76,4,3,999.0,1311.19,1
VALENTINE SPECIAL SHEESHA     ,21780.0,33,33,500.0,660.0,1
VANILLA ICECREAM              ,9095.84,244,211,30.0,37.13,0
VANILLA LITE SHAKE            ,12845.07,90,86,115.0,142.31,0
VARLHONA HOT CHOCOLATE        ,2450.25,11,11,180.0,222.75,1
VEG FRITTERS                  ,5711.2,52,50,85.0,105.19,0
VEG PASTA PESTO               ,5197.5,21,21,200.0,247.5,1
VEG. CLUB WRAP                ,115632.13,602,571,155.0,191.81,0
VEGETABLE PASTA               ,1608.76,4,3,325.0,402.19,1
VERTIGO                       ,91800.0,412,374,180.0,222.75,0
VLN CAB SAUV (BTL)            ,6048.0,6,6,800.0,1008.0,1
VLN CAB SAUV (GLS)            ,47625.9,216,146,175.0,220.5,0
VLN CAB SAUV CLASIQ (BTL)     ,10332.0,8,8,1100.0,1386.0,1
VLN CAB SAUV CLASIQ (GLS)     ,14647.5,53,40,225.0,283.5,0
VLN CHENIN BLANC (BTL)        ,10080.0,10,10,800.0,1008.0,1
VLN CHENIN BLANC (GLS)        ,22491.0,102,64,175.0,220.5,0
VLN SAUV BLANC (BTL)          ,9072.0,9,7,800.0,1008.0,1
VLN SAUV BLANC (GLS)          ,21609.0,98,70,175.0,220.5,0
VODKA (SM)                    ,7612.5,29,14,200.0,525.0,1
WAFFLES + BEVERAGE            ,367.53000000000003,3,3,99.0,122.51,1
WAIST WATCHING OMELETTE       ,7944.96,58,49,110.0,136.13,0
WARM PEPPER & CHICKPEA SALAD  ,4044.74,34,33,80.0,99.0,0
WHAT A MELON                  ,1848.0,4,4,350.0,462.0,1
WHISKEY (SM)                  ,525.0,2,1,200.0,525.0,1
WHITE RUM (SM)                ,1837.5,7,3,200.0,525.0,1
WHITE SANGRIA (CARAFE)áááááááá,6111.0,6,6,800.0,1008.0,1
WHITE SANGRIA (GLS)áááá áááááá,10804.5,49,41,175.0,220.5,0
WHITE TEA                     ,4696.1900000000005,69,63,55.0,68.06,0
WHITE WINE SHEESHA            ,89991.0,176,175,375.0,495.0,0
WILD MUSHROOM LINGUINI        ,13303.34,43,43,250.0,309.38,0
YEMENI GREAT LAKES (AULAIT)         ,11904.88,52,50,185.0,228.94,0
YEMENI GREAT LAKES (REG)            ,14701.68,72,67,165.0,204.19,0
YIN N YANG FONDUE             ,6756.88,26,26,210.0,259.88,1
ZEN ROCK SQUARE VASE          ,495.0,1,1,440.0,495.0,1
ZERO SIZE SHOT GLS            ,1881.78,9,9,178.0,200.25,1
ZINZI RED (GLS)               ,1701.0,9,9,150.0,189.0,1
ZINZI WHITE  (GLS)            ,2835.0,15,9,150.0,378.0,1
ZINZI WHITE (BTL)             ,882.0,1,1,700.0,882.0,1
