feature,pr_auc_importance_mean,importance_std
Agency_Code,0.0744462881968996,0.018691014069168985
Product Name,0.025453335075081924,0.0158576217031681
Type,0.013114299373081765,0.008101831844317427
Sales,0.012272681006876257,0.01833804379218728
Destination,0.002587834120047187,0.0019480723268699466
Commision,0.002098805207778535,0.017347557118005934
Channel,0.000244854196634577,0.00013485009659734194
Age,-0.002375557384888103,0.0063335728350536625
Duration,-0.0028431109306365776,0.011186026593520209
